id,name,age
989794fa-5269-48c6-97c2-ed66f9e45526,Qcqgmulqbf,33
898e7e38-b390-4e15-b174-212eb8d3b8ea,Yxlzybcaqq,50
ec3b2586-35d7-4cd2-bd91-c15d70459c5c,Akgbvslgyv,66
b4d69c8f-6997-46da-a583-ae09529c3093,Iakvxxysdp,72
1f1281c7-89fe-457b-8be1-f6400902bc05,Cpmqpwimac,80
896b2191-2662-4c15-8d8e-39e3750ccf7a,Keqstivuek,53
6682ddb4-4f6c-4153-8924-dd5ac2d28de5,Ldneihhteh,29
5c8a4b07-e9cd-48cd-8d9e-44260559828f,Usbyoyojqk,44
1a7220e7-f136-4dfd-aec8-1dd6d4ec3ec5,Kcdzoojzyf,38
b0639681-d31e-44a9-b761-665e464208fe,Rzqfylggdz,39
9b0476ee-fbae-40ed-9b0c-36067deca8c7,Mnzbumcjxj,71
3fa2d8ee-6156-40bb-a22d-e550e957cc28,Vecvjwgpjg,42
8caa041a-59f7-4126-aa36-9c1ad32509d7,Xoqjlmqdof,47
9a134075-2bd7-46f0-94f8-785f0b89de93,Ipmkntrhgc,29
5225599c-66f3-44a1-80c5-e3fb9673c318,Qqxdqdvgxc,37
3fba9030-c9c5-4933-882c-443632a6b9dd,Zyqyykmwlq,56
a675695a-dba7-4f23-b197-98af38692d65,Jaqnenlbgb,71
c2651365-54a0-468a-b496-bdc796a87f11,Dnyzttmuyr,45
9ca6192a-0e5f-4b6a-ae34-90d2d000eeb5,Wgcalaqwpk,70
6c1c2ce7-6cab-4b4c-9458-6f1f86c262dd,Gcqhnnnqkx,57
ef79fc51-cff9-49ee-918c-e9e60d8066e4,Escxfzhlql,23
2e161294-8778-468d-879b-4e2563ef5479,Mqgceqnekk,41
73c914ae-cde5-4451-b075-938682fd23fe,Cxzaurdovf,66
4e6f27c5-0f91-4607-a882-b99f53deaee3,Xbxepsaqka,74
bc74e1b8-81cf-4f96-a41a-324cd49c74f5,Busuroxwww,98
9778fd84-36db-40de-9bd2-3dd5ae6d96c3,Itruczdomf,78
f0f13690-04b0-45c6-b705-19a0f3cba021,Lbwncneifd,79
a0647b28-c91b-4d2c-a36f-530aaf2575ed,Fltekjukzj,42
1b77c1e1-8e9c-4e55-a61c-deb30e3c1b72,Cxljdsargq,57
ffe6f467-5558-49a2-9b13-5487aa6b9367,Hhrzxniakz,79
96b851c6-455b-49a3-9732-1a5852c7ad53,Htybrikezc,88
b749df50-7769-4408-9e94-218008a53e8a,Fbcfidcddr,94
9a5262e8-9d7c-4ce1-9f23-f81e8d36fe0d,Azkhsqzgpm,60
7090e5aa-f12f-4148-ac45-c9366c46f198,Bkhcctfscl,85
4b88906e-f77d-4a47-b036-0dc32dc51f29,Rzuhuzckcz,60
ace22f52-8b5e-4d88-b7c8-4a656b88b688,Myudjsnnum,23
154bfc52-2e43-4e20-945e-773e9ed5edcc,Ifjyykpdnz,50
334646ec-5b66-420a-b512-fa40d4143788,Usblixvjla,84
99d696fc-371a-4a3e-96b6-b2fbe4fdb3f2,Qstbottqvl,47
76aa0ad3-f313-41a5-8d26-71b614784aba,Tnhvrpgmzy,30
106ded50-47e7-49a7-ba4c-5aa3834223f7,Kcoioxpnby,39
d8d4aba3-787e-4cdd-ab79-464d1a8e2646,Qvohrvqfpt,80
fa326fb5-ce8a-48c0-9db7-c03543a2f5e0,Msmapbdaet,54
c3ef185b-67ad-40eb-b49d-c0e5a5754fbf,Moddlvbhnt,65
7c472ed1-7245-4902-b5dd-665f0b291ed9,Nagncdxdom,26
f4c54fac-3b1f-4fd1-b917-0d77aa57a7fc,Qweciqiauu,92
bb59f210-65df-4719-b62f-888db259b474,Cmtlcbilkh,58
ac26e5b6-1676-4802-9a24-dab03b86b798,Boqkobgagf,86
53e27740-b55d-4863-9f25-1c537bdd4e81,Ejxdzhabnd,32
4f6587a7-0001-4866-b86f-526fb998a4fb,Rvzhjchxgb,20
2c87ec41-fa90-45de-b619-73733392b2a2,Vqawhyopln,85
637c9555-6a14-4523-bb11-e17f68f29339,Kpeudoiogj,67
8a2a8dae-ebd0-41ce-8406-5672240be7ac,Tvrotsrbhk,47
8ad1d309-a9e5-4658-97f8-1359df104322,Frdzsenjyr,65
200cfd3d-2112-4e5c-8344-4c9c40b86f24,Kivzypikrq,30
a134fc07-2252-49c6-b477-4531d9729268,Xzibvnirgc,39
668bd48d-6ecd-48fd-9063-1568ab099581,Xzdxdrcyus,55
8dbd65d7-40cb-439b-b3db-a5dfb67ac10f,Bdhhdnpxuh,22
0eeb9ef1-86b2-4594-83f7-6afb47fcc672,Bruxjjizwm,91
84ebb7af-7eaf-4865-9af1-2c06079f3181,Pgllgvdasq,44
178edb6b-603f-417d-9898-62a5cca07aac,Prwnvwhyar,82
d71413fa-f6a4-4832-855b-cb7ed47e0001,Bgyodnngdk,43
4e9e7072-f8d8-4d0a-b2da-21236c8db5f1,Qcegsuqdzr,78
03e22832-ef24-4fea-915b-de15b9f7bf7f,Ekpwdhzpcz,73
4e099034-c64c-49e3-95bf-a2f93a09d2cd,Hwqckikacj,25
3e3de23a-7272-41ad-bde4-9d6def4a3442,Ohrbonhpen,29
2ac4c2cb-a6fc-42d9-8fb8-ef707e606e95,Hkyimepien,28
54096862-1705-45e8-8be9-608f262e9f9b,Ykcyzdmukl,85
0d08ca6d-bb49-4955-955d-a1b1c5425866,Sbyauxbrdr,55
c351eb54-1333-4a25-98d0-f6ed57f26a1e,Marhbjkrkc,57
b5bb96cb-c21c-47a0-b5e8-df9aaea19421,Eiyzmiwpxy,78
cdb8381c-5277-43a9-ba69-64db40d65ea6,Hqcfplsqjb,80
6d0591e4-d09e-4416-8b42-d9ccddc7745a,Dvvmroqrqy,32
03ec2210-36d9-4aac-b794-28c833d14218,Neqsdlbzwi,86
504e4d6e-8fc0-4fc9-af6e-c0c28ee215fa,Dgssijxzkb,82
2a550645-8c95-4ee0-b43c-d14ddecdcbf8,Uoeprvigxz,64
0f3dbd94-7d53-4a32-9eb5-1ab4090bdfff,Caxnzanoaw,22
115905e1-94c1-40ac-b313-00424d8b0ec3,Rdthazicqb,44
4f3ec67c-f0a6-487e-a8dc-5abcbb69b340,Laxfeptjcw,89
ae8ee57e-71a1-4618-8b9a-1235b79e8da8,Hbqxszpois,44
9bdcefd9-543f-4bd0-81e0-d6d7eaf71ccd,Mtbnelqcxb,90
f56dfa31-baaa-4a7e-b882-2099d81e3aef,Ofmowmzzke,27
9b713c9d-bdcb-4c45-9787-24eaca0b5cf7,Ftnlkwbwro,84
40aebffe-6b9c-440f-bd3b-ed2d7e4d8041,Chbxgxpmyv,38
9543e23b-180d-4267-a2b5-08b7d6a09733,Phjedmnevn,33
52f3a109-f358-4b1b-9a8d-ae504911b778,Cqhbsrufpx,88
15bb6bfc-8379-48ea-b104-8b6fefbe01af,Xogwlyhsrz,87
83c822a8-d653-4e78-a1bf-e33ca9af1114,Hdzgxeibuq,54
579349d3-f86c-4ef6-8a59-15c171cdf229,Eerodlzxll,90
40ee1db4-92c8-455e-869d-36051e71b9a1,Awoqbgmjpk,46
e889ad10-15a6-4984-824a-7bb2df89bbc0,Ztapsnwsiy,46
f37ae7e7-04be-4f02-bbc1-f9db989db074,Yznnnaanzd,20
411f5470-aa96-4da9-8af2-59ee2f4aef23,Dpwnwnaxzh,96
eafe98fc-d39a-49f1-a50a-c0a90340f96c,Fwjqpwnele,87
aae596c4-5ce9-4f01-8d8e-f087ab5db719,Rhcvllugyl,36
110f5f70-f20e-451b-b38d-ba50ef69f9a9,Dklafzxrfh,37
d08df035-4850-4b2d-8027-e82bbeeabad5,Mewkrwpzsj,89
c0de5004-207c-428c-a38f-2c450e51a80e,Xzqrwzmhdp,96
e1918ae6-bebf-4e2a-a95f-26b2ed1e3c26,Ybwsniatla,64
f3fbc8b5-8d08-4f31-8f08-ea0dbcb2c963,Jicmbebkhd,52
5752d6dd-9122-41fc-9f46-c844285e6c92,Hpfwwdvqeu,85
bf569509-c65a-45bb-b4f9-ae5908166658,Vqjshbgqzk,76
4f6d9cd9-0fec-4e90-9c80-64e4e76968e6,Lmgcncutov,55
2f314c62-af2d-449a-8bde-b5ea9dcc6913,Pzibuhuhma,73
fb8099c3-eba1-44ba-8b56-91969b65e60f,Vowzdgcncy,25
56149f34-9a9b-4d3c-83b4-473324f2484d,Tplzuvrbyf,47
70e5f117-1946-46aa-9eb8-da3cb52904e8,Xjzgbmrvzo,73
abb757b5-13d3-4834-93da-a0b138d76b87,Pwzdjobdxj,85
9d7d770a-b569-408a-a252-1878d3d34738,Ulfpdorjnl,28
b6a8298f-37cb-429a-a918-7a0fddcbe793,Mjgvkuppub,93
bd69cb59-ed44-412c-b36c-6ee8de3fa7b2,Oinuiqsfjx,35
69d415f4-0c74-4076-9405-f54ccd2159ea,Pkalheiffh,28
460e307c-15f2-4967-85eb-1f00488366ea,Lneyokmufx,53
67bd8389-4804-49b6-9bee-0434b42b9809,Wuntavdppr,81
3473d46f-143f-40b0-9b06-57412c3b7d47,Ckiranqjwd,52
312a388d-7885-4002-8da7-76f3aea5ae48,Wkncoioawj,82
b5626041-bbff-47f8-b29c-191e4ddb2dc9,Wjoqbsdovy,96
44234877-d191-42cd-a0b1-3a1e78b00b4a,Tnehbzqykz,53
6640376f-207c-433f-a5f4-c5354b0139a3,Dldpkiawmc,61
0cb79c54-ed6d-46ea-9550-c0de59d91897,Jlyqagbxve,64
c35f153b-a74c-4f91-977e-ec69a6348c84,Mgldorpngy,31
368fdb86-dcbd-4df8-b778-648e7a38fdbd,Ydiwkmgvdo,69
7b767daa-6b91-4d3c-83fc-f7394ed842a2,Lpgcpmdrjv,98
cbac308f-9152-433b-82b4-64a2b33211da,Mejeiiulpr,22
c8c9243b-fe78-44ff-a933-3179c0677b89,Qircmvjoav,74
48d89ff6-9fae-499b-8e33-ca4c385a6411,Kolanqcrqa,36
edc10351-4dce-423f-b341-a2bf159b7ea3,Mkzwuwmrhw,22
daa54be8-bfd9-4abd-9e2c-87920fa6fc23,Dtzznouwnc,41
fd421a7e-d94e-4529-843c-df15932db2fd,Vkvaievncl,45
aaa95770-a933-40b8-8bce-5415c4752de8,Zvllapunbh,98
43455831-a97f-4df3-8484-0d37e5954e17,Haifarganv,53
c0495d78-18e2-4612-a21f-cc9543a5dff1,Ajyzmxoqjz,92
79a87295-debd-4ed0-8326-5477d694120b,Cluhxjqley,95
7bad1292-7a0e-457b-9f5f-e705a26f67ed,Ilsawuckhd,88
856d3298-c9ac-4282-81b6-ae74b92f98fb,Kmdwoyikgw,49
f30dbe21-438e-4658-ae04-705ea5849ffe,Hmznoldwpr,28
ca2ceae7-e349-46b4-abb4-68dc49cb71d2,Sipimbyfno,59
14a94ac4-dda5-4e6c-b74b-8beb095cd96d,Qmgvrpoana,85
c3fc94ff-f6bb-4622-a46e-9ad862efc26d,Rzxgclrcdh,96
1fc1b273-6277-46ef-9ff2-58e8a04b746b,Ipdsxvfbvy,49
a82ae9f2-16b0-4404-bad3-061ec652ec9b,Cwyipxhxgu,79
24390fd9-d8b0-4362-a3a2-165912229a43,Rywdawhlhx,46
a2be226a-088c-46ff-927b-6976c43d27c1,Xcernxzynm,21
395194b0-cfe4-4b3d-8740-8b2fa41e56fd,Fhmgznzfjn,22
327e7be6-c8d0-48e3-9291-d84612623cef,Ovgoyvzynn,87
579dc7ad-3707-451e-b9c7-cbd2d90a90f8,Ywabdumqzb,76
487289a5-95b1-4f9d-bb91-7133bc6a96ec,Kpjjykiyek,63
c588dbeb-0868-4a14-8426-985aaa6dce88,Vujygcddpi,53
5766d912-f542-4ed3-baf8-05b1c37bdec8,Vfyiwfkkac,26
3bb336fa-ff4a-4323-8d4f-19095d1a55da,Odjhnvzxap,97
0e05f226-4330-4fe8-9a19-1f1e21e7a83c,Eqpmbzwfuu,23
026a4f02-4b38-49fc-a189-5a137ced257b,Exsiwtaedn,87
a9e09d1b-c49c-4f8a-99fa-5bda949a5c8e,Srevrenzie,41
d59b476a-d2e0-4796-90f5-f8d95de0f7d0,Kznhodrdfr,71
1b3f26bf-a3b5-4636-b2cf-aa9582762924,Cyoulopkjl,56
7eae8ba0-d9c7-4a5a-8484-e55f49771019,Ngsygngmfi,45
b7247631-b8e9-41d5-98d1-c70466e28dcb,Rkcbabxfxr,28
201b5dfe-963d-47e6-a3e8-d08eb407a8ad,Ntulpcbpbc,98
58c26162-4573-4d6d-ace9-d9d5edf2286e,Roxdlinjmo,93
7d5bd549-ac14-4b5b-8720-acd63b536bb5,Cajsauyiie,31
09fa16f7-7edc-4aeb-85c9-92ad7d3d0e3f,Jvcjnxilsh,41
e6b152c7-d94b-4b45-a5d6-6b4ed857b4ed,Powoqdsdpx,40
6671db1d-7bc9-424a-834c-527886428226,Qpvsgqqban,38
9ec5aafc-834c-4528-b16e-36337c253a1d,Qphymdjbih,71
1f7e628e-532f-4291-ad81-0221e9779946,Isbyjfdidn,90
c4e27122-25af-4259-a257-eadd23cf3fc9,Kweobpoeyr,88
86c75f26-3c97-49ab-bbe2-f31bb0e8c3d5,Jvtnxbzyqv,25
e3414efb-8b5e-4c4e-a73d-c91dbceb0b8a,Yhnrrytual,80
b0dc45f9-df7a-41d4-aba8-68ad147e56c8,Ptunycbhtk,79
25aeabcc-19d7-4673-8f76-06b6d432ad55,Xvazifoacv,77
4a18c1b3-8782-461d-a5d6-20a383a54515,Mvanwpjiiw,75
23932ba2-9b89-4c2b-a3f6-f98e94ab41f7,Mlrmhpammm,29
5dfbe55e-d82b-4a57-9c8c-3d1ad90ca0ff,Ijahxybkaz,46
4d9b4137-6ae4-4cc9-bb11-d142ac996156,Vaqozulmak,62
206893d2-1303-43eb-b2a6-354a1cddd846,Eypfcxunru,36
79844a5d-9744-48e8-8878-3ec4191fd747,Xjjdfxivrg,94
c9199fae-614b-406d-a367-6f23979f2753,Xtmmntaolo,67
f6cc7fe0-b667-40bc-91dd-ab338901dc57,Ihfouoqyxo,37
74882759-a360-40ad-b82b-74e5a59ea650,Gihiccinde,27
b3b99748-0dd5-4ad0-bc1d-0ee0ac372151,Ievcafkjbo,90
a955c214-0166-45a0-9dc2-fc25d15b142c,Cbyqxnwayq,67
14b5646c-b7f0-4052-b608-277ca8b7e9ca,Uwzfudkfca,42
dd92a015-b87a-4f62-8a6d-66c0516ecfd5,Vyazzxsnmk,31
b533d64c-2d3e-4f20-afa2-ab4aa6a7a4f8,Zhmhsayigy,79
39d4ad9d-b7e4-4cfa-b5da-db9b19a59dcf,Noyixchoqu,56
a039236d-086c-42f5-9ffb-62978c10a995,Ndewiegwxd,86
575b6654-ed3b-4133-b919-442d8b8e7de6,Yenhkhdllc,35
d36c5461-a809-4bfb-9eff-f8061c5a1d50,Qzczpduzob,47
17cbdf97-794b-4ac5-9be7-7e4ef62ae10e,Msixzbgswk,63
6b5a66ad-64a1-48db-84df-45b4794b286c,Llhfdmfktl,83
64fedee3-2e22-4e4d-b2ac-c0caf6335562,Hoxwtuigto,90
7a773ae2-f425-49a0-9072-6a8e72d65e7e,Rhdvtiaytx,85
155657ac-4d83-47ca-8a35-509455561f09,Qrwnpfwyax,41
4e7e7e0c-c8e3-4580-9d2e-43fc220c8861,Qwtjfuwtfw,62
3979bcb6-9b4b-422f-bd65-a80c947d2802,Vavtzyixsm,62
146785c2-1911-47b4-b595-794266605287,Qnmemilcdh,55
0744a913-3170-48a9-b9b0-3e637afb5a7d,Yrfqlsfphx,81
185907bd-c059-4290-aab6-13678bc9093f,Nmxdnaewsl,44
91e0b697-38e3-4946-8370-100a7da38df5,Yybugamjsg,93
b852bc82-c940-4587-823f-4de5f5da35e7,Yuylauyrqo,39
4146c406-2161-4423-a259-59b2125ab921,Snqqmyjhqv,79
adb40b0f-3b9d-474f-a460-43ca5f08b630,Rtidloqkng,91
4d12e2ff-0560-49d9-acaa-bc13055563a5,Nxnscgkvjq,89
cacf3911-4c1f-49af-9abe-9b26aa433d8b,Nqphsgzlcv,50
fd071d1b-7d8c-4ff7-adb0-a3da44978dff,Vequsqonof,83
5a7aa7c1-e9cb-486d-b095-938d5a17b076,Dhxwmkmwlr,88
125c59dd-4233-453a-983b-519e62634c07,Trzxkulfqr,39
1871d433-eb0c-4946-822f-c2670f1e972a,Synwgutyqy,68
0a8a81a5-6f1e-4021-be4b-bc6a2d6a040e,Fndfeziycf,39
d68b6a6b-8cfb-4bcf-878b-391491715e31,Qafekxyzib,99
fdf09685-2d09-4427-940a-4c652c4f6012,Ijooybtopy,25
166ffafe-9353-477d-93a5-d19578011b90,Brjetejmod,36
d51982fa-41e9-40c4-a17c-5f1ed1a0ddcb,Pyxekdcfqw,83
96759dfb-14d8-4102-be36-6207bc2d9413,Hmmelvjkrl,44
fbc9e4ac-018c-4567-b9e3-b96b8033705a,Hufbfzigxv,63
502939c9-ec20-40f1-8dd3-56b178b31540,Saorwnaefz,70
17228f74-6635-4078-948c-25dfee5f0a26,Atvocuxytp,91
c3f63eb7-e48f-433b-b803-4663fc56b8cb,Cqwquseffb,66
e4d4cbdf-ece2-4fae-94f8-d388f7770bd9,Ieludfdlba,30
f9bb467e-6e46-4e78-bb9a-25c1f1083198,Sgiujgzjsw,75
212b21ce-8ee5-418f-86a5-c0229013db76,Fuyjwolojf,58
dcd60946-0e7f-4be3-8c3f-a1ea0ea7275c,Artgkulynn,76
f03c970b-47cf-4c16-8bed-2fb4b2612c96,Ayvbyehqsi,54
88c85969-7965-4688-8948-fa04f7df86b7,Kbngfqchwp,95
d974d673-621f-407b-b775-1318c7c805c0,Ibjzxqazmi,34
1fe1ed26-c7bf-4b69-8a2f-2c029a67d70c,Ryhjaxwurh,96
d004ae94-affb-4ba9-b4f6-5d96332d526e,Tbxhaodoea,62
f7b0ac12-f6e9-4a13-a05c-3ea303171baa,Syuupwzbei,94
7fd94833-2fb0-48ff-b14f-990fee1098a5,Jmdkbplahj,66
001d0494-bad2-4ebd-b799-ca10355e5c42,Gtmloqwwoq,32
cf3d782a-a457-48dd-bf4b-5c09055a66e3,Jdiymcoodo,58
5504c824-d284-46bb-b487-08be17a01887,Tlkoqauxqy,77
e56ec611-6ddb-459b-ad99-4adf51541099,Txrgophfnl,58
87ef2cfb-0b99-4f2d-908e-3d93614560a2,Yjldlehfmd,97
451cceeb-b2cc-4c1e-86bf-cbf77a0c773b,Bkjmizytks,62
f8fc0d45-7148-4693-a537-fb6084b690a3,Hpxhgasevl,87
f18f43a6-90c9-4458-8d95-1642059b643c,Nxnqmuimdg,78
c3aeddc6-8736-4316-a5c9-3bcc4febed26,Vwdqfezxrm,73
b013f0e3-befa-41f3-a0ef-390ffa8f3c29,Oaujckqgvx,82
8e381b1f-1b2d-4367-9a76-1ad337294f45,Giioyfwigg,65
80671038-34ce-49c4-9c83-81335aa9fb11,Umumombdjj,91
3c1eaaf8-e69f-4ce3-a0ad-e9b7dffa0ae9,Csvnmotdtz,81
529446a4-2382-4fa9-b3b2-f6817cea71bc,Vquxfsehap,62
67c2696c-b4d9-4f76-aac6-ba77d9c62194,Ufdttikvko,52
9ef2bd4d-fb58-41ce-af3a-b346ef8ff8c9,Mefwoeqhrm,46
51a668b7-24d0-404f-a08c-05805a0e628a,Xthjhobhle,95
80bd936e-e0e1-4c3c-bfe5-aeb0d72d4e1a,Ffaycwrqok,37
6ebaa879-7123-4793-a52e-2a960331616b,Bodhdvcjhw,74
bbcffa9e-c0c7-4824-bbde-57043bde72c5,Uzqexuanbc,79
021686d5-e807-492c-beda-755a0c40a08d,Bpaekroexk,80
3e96dfd7-765c-4a94-81a0-d00f3c609076,Vvpbjrlutk,92
318968ce-8fa8-4d54-9cac-fb24a829b99a,Vhjcyrywyc,59
9fa912a0-7cb6-4433-a444-134f22f35101,Epqngzcfql,79
90c5fbb2-87c4-4655-b3c7-83a34a71a2a6,Pbzzbvygmz,46
1afad716-e237-4e91-b682-3413a00cc58c,Fbarrmyqqh,62
a5f50c16-a26a-4503-9fa5-69f640118b02,Iccnpsqleh,40
f52e8983-0b62-4c45-81d4-c84c5f07604e,Qmespyydyy,64
74688ef3-2fb6-41ec-a61c-ae712f7a72aa,Wcrchyykwz,43
1ed4d448-47ca-4087-8f72-9c03325ce171,Ydvywoujiw,78
794249fa-ed58-4774-82c9-f64d84a62c16,Tmwkkfkgmy,70
9c58c914-29f8-4434-ba90-d79c2dd183ee,Ideujcgnaw,63
abaca798-545b-4552-a56b-de6c7df016c8,Psxffflwad,39
c12de3d5-945c-4583-b30f-8c42160aa139,Uhbvofqlai,37
d79698e1-dedf-4429-82f8-743551c56252,Teebxtyrge,80
0f45f341-400d-4d74-aa02-bfbb67d4eae4,Lbxrtkxrlm,86
c2e587ed-5c68-410c-af86-6c0290730e39,Znvmfspwyr,63
1f96edc6-5c42-4a47-85fc-20705f9a50d9,Gdzxbexvos,33
c11eac93-0e33-4aa2-90f8-de06a8df3a0f,Cjnqfhyfkq,48
32d53364-3570-40d4-af41-4a2a03e162ea,Qrjbnivgvg,67
9dddc4b2-3b1a-40e0-806d-7a982f8e541e,Isxnppqiuo,76
0099ea13-0f60-4d18-829b-726ef54a18b0,Yghrxrldeh,37
3b80dc41-7569-4377-90f7-fb27944c80bb,Teeixbmefd,93
2a4e3870-3f2c-4851-a950-82b69e5c01b8,Ldhstotdwz,84
bdbf4922-83a2-4804-b6a8-6798a5c65bef,Hraxwanmdh,78
ede6638a-f6a2-4745-ba23-fa2f049c2366,Ubwuhellfa,53
a7a33495-9166-4988-809c-ccc62a649faf,Mdovmqlbui,23
50017d05-7762-41b6-900e-ec887bc0d80e,Wbjlvrvuri,51
141300aa-e3d4-46cf-97cc-2baa3af6fd46,Zanowgblmz,43
f7d3e19a-a8c2-4dc6-bfbc-08ca25e5a1be,Rxgrrbmclg,50
0ae9a394-4d8a-44ba-9a7c-cf876346cdd4,Cvvssidkbv,75
204891f8-b572-473f-a12a-2d0089c8e888,Rjbngyjuys,99
0f83e14a-403c-4e19-b2c2-34e8a743ea96,Kwfunckfje,75
7404dfa6-e4a8-460d-a213-16b5800cd682,Wlylrrzsrh,29
9cf1ee7b-d90a-42b4-b9bd-e9687f40f2fb,Cbjklfrout,36
24fd28f2-5e6d-4244-9912-783d405cc126,Fbulhkwrpx,92
e682801a-27b2-4a6e-8d73-d08b549ef526,Bqvfagjmxa,69
40e5edeb-a03e-4cbf-96b9-463f2b940f12,Ikqwnlbfoy,87
f564cff8-c67b-4c29-aff7-88e3d9bbc5c1,Gpvdgjqdkv,88
9127c8b2-91fc-4314-9d6f-c45a70b1cead,Pijupzunrh,66
a7f7aa5c-0c4e-4c2f-a20d-dd2d8c171582,Vhilmxooqe,88
7edee02b-4108-4935-8911-fce34c7e0a62,Fmcqswsdkj,32
5b53ddd8-a3c4-4869-b27d-fdc57d12b175,Uvhjulhqzs,32
1ceb3fe8-8faf-4530-be90-886c977b2e67,Bpuwimmegu,86
34d38e4e-c67a-4975-ba63-2e26007a7b5c,Qhqtjguhzc,95
4ee3e385-3a67-43cc-a5d2-c9ee5139d856,Scdmalbxpn,85
d859f83d-dace-401d-9049-f4b2e18c06eb,Ztjgdfltdy,82
e0be1e73-2c91-4ec9-86ba-ee576f09e688,Qsfsuisxwx,22
c26c0dc8-0316-46d7-aedc-03d88f187326,Qwhrgowmef,84
cb0d450d-5d42-43c8-8591-06e87fb42080,Ckwdviwoem,82
8b04f467-c289-4858-b196-5e1245f8875d,Qkberdkbyy,24
a5d6eb68-a4fc-4812-86fd-c22ad923cb1a,Mlhcadabvs,98
b8368d9b-cc01-493a-ba8c-fa7c1f3a95b7,Njfuophnjj,45
6bee0a03-aaa0-46fc-a668-534549055e47,Igkxyssoqa,54
28202f27-1a7e-458a-8123-52f3810e8985,Yhbwofbuca,74
9d6baedf-fd9f-4954-8a3b-617cd6c26aac,Kntqjynnbc,21
c4ad2f85-5f29-455c-9ed4-27af362459ab,Ujesxrgurv,66
2f9f49ed-1d70-4516-a63f-41ffbf372bb9,Rgjjftswyq,28
2c2071cd-6d98-47da-a96b-db696eba8462,Lrqgktyffl,93
9532b987-e4ad-4678-bcb7-ee689b457097,Hsfvyvivhr,92
76f2ef47-c2c9-4781-bc45-f01426afeb16,Udcbosvsve,94
e378082a-f68d-4792-8167-e1357dd37cdf,Upwxsdqubj,99
5a9ad4cc-2d25-4fa0-83fb-08386d74d16b,Btqfigwjjk,73
180e97fe-7cdd-4729-a0ad-de4490ee58a8,Duiaqbkjuu,45
85ec4f82-3b54-4b66-990c-7946b8302dcf,Wowgfxxpsd,85
6d8ee852-443f-4f67-82f2-a95eaab7c150,Zhadrsuena,85
97bc72e9-6bbc-44ec-ab5e-c7a5c29921fb,Aamllmyqvr,35
8a52358d-451d-4863-9c83-95e308e74cb1,Xulnvnnqwo,92
1e422291-f19a-46a0-9bfb-3301d28346c8,Kvencylnjz,66
a4276500-2222-4e59-8e3d-7e9de61076e7,Dfmqkkxozq,70
44d1f4e4-23b3-41c9-bf1c-008018e2ca01,Uuacknohvf,35
559237a4-2f1f-43bc-9755-c02b8c6adebe,Vffhlcotko,79
e64a8718-01e8-4fd8-b109-0ef5ca2bda2e,Mttoaqmizc,56
b0daead6-dd7f-4364-9350-59f57d0e0112,Uoxmqnqhgq,68
638c3e57-377d-47e3-9302-85d57626dcf4,Nvzcymlvpv,53
ce6a0db9-3a93-47fe-b25a-c5a72ef42ccd,Udtovzhbcv,97
7a5bca4a-386b-4e1d-9bb2-9ebcff61d9ad,Myrzatdewn,28
b5ad0b46-42f6-4ce9-9127-7f225f8afdd0,Zqfobstnnf,47
6c5b683a-5c66-4275-82c5-c436983199ae,Bjoizwzyuh,88
9759aa95-397c-4ecf-8581-13a42e898093,Eushhbujax,51
cc0b6c50-e681-49bf-a9aa-9bba20ae7fb2,Qaipwroaos,29
a9a58ebc-5d28-443f-8f83-499722c4c0ed,Syxlbasfvy,25
21170d75-3229-4a82-a791-eed01da10b9c,Qjijodqnwf,84
7f89d0e2-9cf2-4fa6-8755-70fdde3439cb,Ckbklmpbpb,80
4ab33c55-5f5a-41cb-82b1-ffb847927c58,Hghgzjnmmm,94
755f3d33-8868-4a5c-bff8-dd7516fee399,Ovemkgqgyf,71
99efecfe-88c6-4be9-8820-9471f76927ca,Kpulpkwakc,42
5456a03f-7542-4d41-bc74-78b66850fe9f,Vmcvnwztgk,26
c86c3db9-c127-4b8c-808b-5744510aa42f,Wleyujlcpe,30
5e5219fa-7d0e-43b6-9310-e4c094d26be9,Irlcrkskvj,70
48404d14-9f88-4d7e-9e46-e147bc65b698,Lxrzrodzoi,38
44e7008d-40cc-470a-b8eb-b9c45a280596,Zsfgkscgon,58
ae4ff408-2201-43ef-bac0-7f89a624c9d5,Ukoqyclhyv,22
ff50f916-ad8e-46e8-a658-402eb7445882,Udjfqufpxa,38
c6dad0db-749b-46f9-a2af-7d767b4f0b3e,Briijudipp,53
5e9eb7c6-63f7-4c93-8803-358f55aced09,Jqjnaitdee,20
2be3da1a-389d-4b21-a298-0af3ad6ef520,Lszcgqfqor,28
ebafc9c2-9b43-4fff-be64-2f7a0cb5e09d,Txcnkyzart,43
bc6734ea-24d4-4de0-817f-46148305d0bd,Dqurfcorwd,21
d2b01956-b2b1-461b-9121-61a91a3525a0,Uptgwpiwoi,35
434c68f6-a153-4f10-8aab-e5744f774b4a,Susthoepih,42
3c633fbc-8427-46cf-8781-5e7b6e22a7ae,Fvspsgsdno,96
70d73a78-2fff-4e58-b197-e762a43f0066,Wkcdqbzikv,71
1755f7da-f2d2-4e1b-91ad-f5f8c8f75d1c,Hsbopllczt,28
9b75d91a-ba76-4f99-a123-658d7dce48b0,Abnyhmkyvi,45
a2bfdffd-7775-42cd-a1f2-eaf4af69eefe,Aipyqdgcqj,23
426510d1-66fc-4247-a9cb-8cc8c93931eb,Rvnemvtwmd,20
4f029c8a-f990-44f3-a678-7a692588d203,Gifbejozxg,57
28aeb74e-33fd-41a0-ba74-ff26e6b91ad9,Xcsqqtakdv,83
972b95ed-5e9f-41d6-8877-1c0fecccf8c5,Hxzpxenhui,22
e589086b-35a6-4c59-a236-07f4fae42680,Fchvspgqaq,88
6c5162ae-e062-45d0-8df4-0c3feb9866ab,Ejzwoffvfv,97
8fd9de37-522f-4b79-84a6-e32a4c091728,Owbviqkcre,80
ea170e3d-2dbc-4902-9ae8-f9afda94d301,Fxnfhzazyx,91
0cf5981e-a90e-46f6-9431-b52276d39da9,Bulueznrwj,95
853f5179-1be8-4145-942f-69c77411618f,Jsjihkmugr,21
5648113b-959f-498a-a783-828840b0b1b0,Simocgsvqk,55
61fd65f8-49a5-4c7b-aab2-5a4bff2b0357,Yrloksfjzy,83
e1a4283d-8fc8-4c0c-9b70-3f5ccc18c275,Ccfrbduylp,23
aac86e5e-eae3-4203-8e7e-2c25084deb59,Suztgjytsa,93
25ed388b-81e2-4ab8-a304-aca0ff46c532,Wiijvbqbuw,63
cf253c4b-ad61-4468-bc8c-465e9796d7f8,Pkgtfgbmvh,62
ad5e3363-aa8e-4f61-a94c-7f1e4daab7d5,Xbgjwvgoqs,21
ed36b24f-0ba2-49a9-a33b-c799ba296e3f,Cbpbaiflew,77
e0436c2c-c2b6-45b9-ae95-aca2287630e6,Xpjlbrxish,90
2951368d-5d3e-4b15-9bf0-15aaa265a20d,Cvnjfvcvoa,21
5ca68b09-ec4b-42ca-b8fe-0207be10fa12,Omjqzksqff,44
2eb051fd-ae96-4fb5-aee8-b664891e8c4e,Jverynnhjq,50
bdf05b3d-44bc-4702-890f-99e83706013d,Qcamqczxgz,46
630589a7-a40f-4f7a-8f76-5d12ced6e3f9,Paqtofjdkv,63
234019ce-3b07-4736-88e8-74d8c293c412,Oicbaxzvac,57
a9a4c303-33a7-4839-aa13-8756c233f736,Bwznfdsfal,96
7e06d27e-0a67-4993-a128-e0b617098c55,Phjexequoe,28
ae480da0-08e9-4ce2-84cf-c69641834ecf,Aeipskdmvz,22
56356aaf-6956-4d49-add9-640492bc202f,Dibgchbqld,32
fe692524-0064-4567-8cad-c25fab2b61a6,Punrttyacw,45
d2a7f832-62a1-4000-b628-a12ec82e551e,Jfcswqfxsy,63
24e56436-e608-4281-8317-eb39d1b7c4e6,Wxvloolybp,66
d34165ff-3508-4b86-9d31-1c0ad5fcaaf3,Orrocjmnpm,21
c260b783-a977-4910-9f57-d04902939a0d,Ptmybrpvcc,89
8fb165bb-2883-4e0a-aef3-054ce4259ce3,Bkkayefqzy,86
0c551c56-c94a-45ca-9e0d-b1f006802f48,Igbubsnlta,70
d9d03d4b-1fcd-4172-b2ae-b37f47382d0a,Bpwabmodjv,53
13236706-e108-46d1-b91e-13e9f68d940a,Bdaronunio,60
9f123d39-8d42-4184-9087-d601875289da,Nqodkrmyju,80
a7ac58c0-7b68-40e3-9eda-4ff6d734441a,Ahocwappbt,99
9860aa2a-7e21-4472-b827-b2628194fc65,Xhoevvaysh,79
0aa8534b-6cf2-4243-bfa1-d977a2b4bead,Jzgfvzdlji,97
77366ff2-e701-4b08-a502-4335d0b8ed8e,Ozxylludzw,86
c9bd9275-6641-407e-9a4e-fcf88b6a9d35,Xsenrwzemm,56
5a87c4ac-7522-47bd-8f8a-176313e4e592,Membfqlinc,68
490f73cc-5a97-41e3-9212-7896e6c32604,Emajedohib,42
2a10c129-c338-4b9c-ab44-f72b09fb43df,Ssnkxizvhx,31
44e6cfb3-46a6-4682-a145-57ba5711e6ce,Wyqztbklww,74
dc2f278f-d2a4-465f-95ff-9b8702c2fd83,Vdghwrwtsq,73
bab19b15-3758-452a-b83b-9add590808d3,Xqapiejnei,30
7c788801-f5e2-40ba-b3aa-5acec634780e,Mqdyojgqvh,71
b6cd90f8-5e53-4ae6-81b4-eebdc7837ff4,Tqbwgjvrmw,66
75b67998-043d-408f-b514-87215e6affac,Bfpwsenfug,20
9e418ea3-b8ba-49c0-a8fd-bd5c76c019d6,Oprwuhforj,31
e86a6e47-6291-4ba4-b82a-1420e6c9fd1c,Fyyumuxcra,71
4e04fe65-1bde-425f-a63a-507b57e0e649,Ndflgzhczi,90
6ae78a3e-7d7e-4599-bd0c-bf91f8593a24,Ziwarumvih,44
afc0373d-51dd-43f6-9af8-85b8544c2e29,Hzslkxcgfy,20
200ce16a-9e68-4ec8-be5c-02654648e9fb,Ozywjbbbsj,90
306e1393-581f-4215-8b91-c400f67ed1ce,Gxulbbfyyt,59
376bdf46-c81c-4a94-bf22-d787b5d3ec06,Bbwqvftcha,29
04363f27-4588-4019-b839-7ba775f8a18d,Mkbmbntirg,90
d753b67c-7ae2-402e-a234-fca71cc8c291,Buodcrmqgp,39
da399476-b064-4cd5-9fc9-bf698676bcb5,Xveueszyxo,87
d7d2f229-16f8-4146-8260-a10bf470bef5,Ujidblskbp,41
12cbf881-a95c-484d-95d8-7e5265c9f433,Xllgmjmoja,96
618f0a28-d463-415d-97d7-ebae073c263d,Sixtdeudnd,54
6591b7e7-2c30-48b3-bc8a-8326fb1a5135,Tulfdkzhfd,61
ced200ad-bfa7-492c-9c2a-0129df7f10bd,Zrsiqrosdy,89
382eb8e1-ed76-4ea0-910d-d1eea313e460,Jaeypztcbf,35
2f8d8dba-5f63-4639-ad63-05dcb2217f98,Wvmaqpbshm,64
96522549-94f3-4e7f-a4c7-84b0b29d1f44,Ustonsahbb,85
b951f666-39d2-4bc0-989a-0ac8fcac78b1,Omzxewzpaw,70
46ba7e8a-c347-4636-bcca-7817f8ab691d,Gbtrtkxuys,80
2edf4948-79c7-44af-aef1-8e1728706223,Igxvovpvxz,43
f56f7cb3-cd6a-4528-bd85-5d6e31e06d96,Qsrmchmawl,21
663baab7-d363-4d98-a016-dfc80246fab8,Kzmaowhqrd,58
565f49b8-9792-41f7-bba7-bdfca151f9c4,Lroziuicku,86
96e422eb-98e0-4677-b772-64c0a4141244,Pwwgxvoypd,35
08577d75-299f-48c6-af9d-ddfcd88ef252,Xpqixrudfh,84
bcc131a0-b180-4da5-afe4-8db9fe1a8c35,Gqpivvljvu,32
247b774a-a30d-439b-bf9b-7349f3fd6a6e,Jgobydcbbz,44
4d735607-04d0-4f43-bef9-df940410bfd7,Vyknbxjowj,67
e7fc005b-fe16-4e8a-8e93-e87f6643c084,Xbpccuiesm,41
51d074e0-2357-473c-b768-66f2d6c8ca87,Ulddwezypt,50
fba24214-33c2-4ef0-ad82-9f0392f63981,Bgzqsusecp,82
546fb807-93e4-498a-8007-3a5f4155e04d,Jtyptfugbg,40
f0b0dcdf-50ce-4005-b78e-d2a55fa9bd7f,Javjtulivx,75
4cf684e9-2697-4942-a00a-c31e9d652e14,Ywsisvculs,91
b3fc7dd5-708f-4ac6-9bcc-c630c7c25ae7,Sfposfcroj,70
c35cb87e-04a7-4a4c-a936-98d1f8068e73,Vyhmddmkdy,48
a0bb99eb-7ca8-422f-8b5f-f9b9af38c83a,Rkaiboaozp,49
eb82cb5a-2ddf-49c4-bd24-9a3639e81aab,Siikjmrtsd,60
31a978a5-e5ef-4d8c-850e-70cac17a7836,Vgrmqozgvj,55
9c756177-16ea-42d1-a334-48f9a309f009,Aiuzgddidr,29
480dfa5d-436c-43c4-99ea-5b1a468d439f,Guobsihzvh,88
8ce97f91-7386-48f3-8086-63855afd0d91,Gvzwdqwici,96
1a98728f-c46f-4d48-8cf7-b59618e8b9d6,Jhzgqwdlvt,99
33672d49-72af-4c9a-bf95-35517cbaa1e0,Ulzrlljvic,76
0b710079-32d2-45c8-bcf9-0f2e4014554a,Ubrtvreohx,99
16d5ec78-34f3-4583-bb7d-d3eb217122e8,Wfmulhemla,36
171d9fd3-9ed1-401e-8e0d-754cdc35500f,Uckmaedpdu,29
4ff05e35-d159-4ec3-b4b5-d17a5200c312,Ucxnwakbgo,93
4d7d1d07-b061-4e86-8149-5c5d57fa33e8,Kgsanocwig,72
22b7d56b-9714-4c5a-818d-b5bf76a7634c,Eumeqtgple,45
5bbccd58-2c76-4569-95a6-cf1e497cd6d6,Nbbwfclkhu,85
e0fc0117-f702-4e7e-afed-27ce60d534d5,Entmqjzmgg,52
f665a393-15f3-4789-bf0b-4980fe8fd49f,Darstovgiz,37
3527718b-8e6f-4da4-969f-a1c3d8128228,Eplrfaevyj,64
de3a0968-38ac-4154-a314-2f7f3248753d,Ytybbeqkwj,59
67fbc54a-fe64-408f-a523-116aba0320b9,Vnvmvuxnfa,99
24754f37-d380-4ccb-a200-6432ca90ccdf,Wcjzcfgmvq,87
00aa60dc-d9a6-4177-886a-16a56fd63dba,Jexyjuezzl,36
a12cdc3d-2a9c-4a78-8c70-58246587ecac,Zelnzlsxhs,50
98407340-1e22-4f5f-8a6c-4778979cb1f2,Lwpvgqayip,97
4423c07d-3b74-47d0-8685-622783bdb4c4,Psezfwrrww,55
cc4e5e3c-11fb-49d1-9024-86661c7ab2b6,Nkrptvsdft,36
924170b5-4c48-4d63-9231-fb00facf2444,Cnemfuydzd,50
4818dc47-436c-4f0e-8bef-4fda1b3968a2,Gqrcmbibox,74
bccf4db4-0e04-4d61-a6ec-2113a4ffed4c,Igyvbhitjd,50
65f1fd7c-dce4-42e7-b0b8-4bf539395d5a,Xqrddopgak,80
01383f7e-b5f7-43c3-9d85-eb1a23b7faf5,Lxbwxldzpr,91
20480d35-9159-4a59-8e32-502aa6861d53,Jmmrsrcxct,28
3670504b-b5ea-4a1e-9a61-345c0b07f28a,Mqpezaowmv,47
9adbd0e5-aae5-4b5c-a27d-1f17381e4fa5,Apchzgyqxf,86
caf55cd0-a289-44e5-958d-9cca3f669cf2,Gsynymdsvn,37
670dd901-b9de-4997-9051-6a19af063105,Ohashtxdmp,70
e236bb2a-7141-44ae-9de7-5a818a06fc2d,Ayvvlejaon,63
a53443a5-6fc4-4694-8319-3922f345462f,Spkgkeapdf,89
e359f037-ae81-48a3-a8b8-634e271911bf,Stpddypmfb,73
5bb7d3a3-6d69-4001-a48a-235e87312bf6,Cmhpmfhyvi,59
d5633894-cd2c-49c4-942c-dbd7c18213ff,Ybbcniapnc,38
1138bf4b-aba4-4030-a2ab-7359ede45a0a,Megruaoqbt,99
21368583-8516-46d8-a61e-348e957e975f,Flvhqqugnl,38
5e160af3-356f-47d4-afb9-998c4d2450c5,Jkdtbzdwet,55
9cce6296-3cc7-4c86-94c3-30791a5bb11a,Qjgssojopt,47
14ff63cc-1db3-4a9c-95fc-9fa24011f414,Gjlwcnkspc,64
3f0bafaf-5c2a-4ae2-bf6d-9998fdedc7c1,Octzpexuaf,76
c61f8135-5546-471d-80a8-143d305dc3fa,Ypphmvapuz,41
0987aba0-0874-4bdc-b3d6-272a0d8c43d5,Bgcqdlawld,59
bec63fb1-a93a-41d5-a9de-f7014a2c1988,Izkgzbggec,94
59e5e5a1-1524-4729-a2f2-a248efc51e22,Aitdghggqf,39
adbbe1ee-0d0d-4391-8524-8367b216af2d,Lspwprxejz,69
ad8c2067-9083-490b-aac2-f31078c4c346,Dftvqojsth,67
e131b441-c0e1-49a1-9568-efd51bcdd232,Nnbtybvlwz,32
b270f609-dcc9-4ee3-ac9f-b14d31b8df69,Qpyggimymw,31
cce05ac5-de20-4d42-9eb3-20d4bce18b28,Alxmoeejmx,52
6971d2fb-9e97-44de-a31f-3e50f89586fb,Ipjjxtgyfm,43
38fe0ea0-4d49-4c9a-9eb7-701db6014c3d,Yezjwtryyz,85
d01dbee3-6a75-4790-8f82-9ac5cbb3faf2,Izyfvsmylj,88
42d0c5a1-c7a2-4b4c-9dd4-4818f6807123,Innducznxh,72
30771982-4c8b-43ca-b2b4-d977820afda4,Nfkoecyzzd,84
bfeef9a2-2436-4369-aabe-a5d0bf2adcb7,Ialctfoqwq,36
733c4607-0bb2-442a-a032-dc1ff3f2acbf,Ligckxjabu,41
a6c6675e-95a7-492b-84c8-b4a004964cb4,Lksnscceto,84
8b053d7e-0d07-4798-9047-f83da567b3a3,Wyewnkhesp,99
3fed4e3a-24f9-4eac-ae40-bb2df3bfc7f6,Nhzzfzhsxy,64
254c1a97-71ee-47dc-8585-1fd1952fa519,Aljxdweqmo,78
7101259c-7fe9-4b11-8452-7d3d1e18e0b1,Bhfapvyzqy,35
e2784805-0b07-418b-bc94-3519b27946ab,Kineticpsq,34
9430bb58-8460-4569-a85f-6ae334242f67,Hswxjzppfj,44
87b2cc20-67f7-47d1-a052-8c901cbdd2dc,Arucqiduid,72
ce55029a-0e87-40e2-bd14-2454b818f8fa,Alexignasb,23
4460175f-9ed2-476d-a807-dacee37b4e00,Thdhxrlrjx,37
c34a1711-8408-43c7-88f6-188f7a16ba9d,Iuqqozbbko,87
3c2b8eeb-6073-414c-ac38-277bed41e546,Nurgprsoal,55
e17ff2c1-5f77-47f0-aaa6-588f7f434e22,Ldhefbnrid,42
aec9fdce-62ba-41ac-8423-1bb1a6d2f57a,Xmheyasehz,43
cdd17b12-06a8-42d1-8f64-5bc7ac1fc3ea,Owwbfuisnl,38
e84cf731-c565-43ab-980b-f0a3fbd54a97,Vnndftgajl,69
06ff059d-0084-4c40-9957-629313cb2426,Vwczdmwshc,42
7eadeceb-a563-43f3-b880-0251046ea162,Helpfspneu,87
5c9b1839-9180-4030-bd3c-148700bb7886,Udxbvurmvu,46
a08ff93d-8e90-42e4-9096-8b4486a30130,Itopowcvbt,67
fb779baa-50d9-47b3-b22b-1e4058cbd8fd,Glmggsohwe,77
7c796055-2794-47b6-9bb9-9354fea60221,Nkgizxpofh,67
d9959f71-05aa-4396-a7cc-3fd5de0b4de6,Pwkxrbayrp,31
71336904-0180-4873-8a74-504a4e908ca6,Rljohgboqf,23
9447b83c-ae09-4f39-9173-2d5134561f3b,Zjuczzkfsf,76
10930820-c872-4a78-bb9d-11e59a2dc3b1,Eopwzzujsb,60
c254b874-26fb-4e8d-bcd0-38d468c144b1,Xfrjqkytbk,79
b51dfea9-c4d8-47bb-bc2d-9aa956016f9b,Ltzhlxltin,53
c3014f20-167b-4da4-9dbc-5a20a3b50872,Gazsmauqwv,33
29a72f69-0fa6-44c0-bbf3-6b6ad8674ad7,Jiomdjrlfe,70
1c8e2dfd-6d1e-4a1a-9957-0ea4b6dba837,Stuwipdcpq,57
ce5cd4fd-789a-4d74-841d-0fbfd1f008f2,Qecjgkhdwy,79
9920811e-b824-434c-93d7-0f2210eee060,Qzohwykpkq,60
35dca1ca-dd14-4d39-ab0c-2fc9df82b697,Hfuduexire,48
f2f80d0f-8f63-4e3a-ae9b-5399c1e872bd,Arnlazfeko,93
39ab26fa-3239-4782-8daa-c8f34043b6ad,Xyscxwiunl,22
23ec23fb-55b7-4c60-9a69-30cf4c53f6e7,Wczxtfgstl,87
5284fe04-bd2f-4774-a1e4-230753b64307,Nimnvkecht,41
59f25a6d-15c8-4543-9641-69b8dd5518bb,Wxxioqyzqv,93
0a08b9ea-7fcb-47ad-b211-03f4bc038a94,Qenawszcwz,68
5bc3e9c4-eac0-4210-b42f-79bc435d92ca,Lxgxpnfpby,23
5359e345-be06-4867-b147-b7f03d327711,Sxigrkrweh,29
d510e170-4ea2-4a74-bd6d-5b8462fb971c,Ffgdphsujk,60
08e06870-be5d-48f7-902a-dab693faff9b,Lccmfuwytc,81
bfc182ed-d6cb-44b8-909b-cefc915c87ca,Rltjzchnbk,27
0879113b-9b3a-42de-9c35-7af95d43e7e1,Vckpghnyji,52
9ef8ec4a-ae22-4564-9dc3-e4b2b51244a7,Xsisxjdjfw,36
63a8a63c-1d0e-4915-b293-e237b155a77f,Evxpnkivgw,75
66afd76d-7e78-4a98-8e77-cb85bcab92b2,Zjwrfdcwcw,56
5a9af3a1-a67d-4145-8343-18cfb8c5aa82,Wmslpgozui,79
7628d2cd-463b-44e5-84a2-a676dd2cbcd4,Ahwwyagtwk,88
fb31e35f-308d-4a36-9a58-a9de9f19d8fa,Otuskirtll,86
bc40161e-9c22-49d3-b8e7-b0a5bcaad263,Psmneadcmv,61
640943b2-49b2-4e63-a64c-bf5b855f40fa,Titlgcugbr,84
9c6c35ea-411d-49b5-99cb-e861d84c2b31,Voqwrxsorn,72
64a6ffcf-ce91-41fa-a097-cc7c92063ae1,Cvvemuwfvg,41
e1ae51e9-56ad-4f61-a9e8-e75454207320,Qtfkljpsuo,24
eeb12271-4014-49b7-9e61-ec0e7638fc5a,Gcjgynmjqa,33
70a90a20-c7b7-4056-bb70-cd7eac545717,Jnbkypsuby,24
b41dfaeb-1805-44f4-9dd0-c580459ec9c7,Tuxxjojnce,23
73f2025b-c39e-4c3d-bdf4-8996033ba56a,Tpztjufpfw,61
8a85057b-2f69-46b4-afba-2acd918da884,Yjcrrevcic,73
ed31c220-5730-4f99-8c48-eacc4f77ddd1,Egrciixadg,96
fb80fb62-e0f1-489c-ab80-cb68f807a977,Jkkvfmhvvt,33
8b64fda3-f9fd-4497-a776-84555bb67121,Djpkqdjtmx,69
097d3f02-019b-4c7e-8067-a9ecf984ca4e,Hndgcvqsdl,94
75af436b-e36e-4e96-83a4-ba364032fbc0,Sjsodffnmq,58
41cfcf7a-e396-4fe7-a143-0a606def13a5,Kgxpyukfpm,91
208d7fbf-8ed7-4d4a-9715-828f21521643,Mkloolnafv,52
4f66cd11-5703-4fae-b9b5-6d89c03ae5cf,Laukzhsxmu,88
fc34b3d9-76bc-4c45-9bdd-36e328f5c719,Tisroxsxyi,78
fcac766b-85a0-45d1-beac-207dbdd7d83f,Varnjgpgyh,26
1d0966f3-194c-4528-a25a-203b564a4952,Avlnqpfzlu,56
a321a8bd-087b-4c4a-972b-ec2bf785df79,Kqnjpxovga,99
090ed287-8304-45bf-a47e-4299f1ed6905,Imquhfmvlp,86
031a42cb-da1b-4c96-8d45-6813297fd83b,Gabtdesyey,21
39fbd1b4-8f27-4b5f-8277-024ae7785012,Tkcvndnnhs,80
ec488a9c-e7e2-4661-aa15-7742cc6b56d8,Rlifvwgzwj,49
79fef710-a001-492b-b4ca-23c5500273eb,Phmazyistk,42
660ab36d-48c9-4331-b462-76fb4c881f7e,Jwgafnhcfx,31
7184c5f0-c385-40fe-a1d3-2abfdafe38de,Pncvqyltfx,29
d25b6874-6707-4fc5-aed5-5e64af1f564d,Uccrcdqtti,25
e6966ef3-d7ca-45b2-919a-192124cd02eb,Knknpcwfmv,20
f71a8761-8b84-4a6d-bd52-ef2d21919bf3,Fwasfxahvj,38
5a05ecec-fe64-4f90-8458-50a8b8744d56,Eycmcpqkes,33
06c66ef4-9870-40b3-be8f-103a3ddfd441,Blbohltkbg,53
fc5ea830-2917-4fbb-8f7c-fb6622772586,Zyhzoyosdt,32
ad81b6cd-4808-43d4-b8ea-b178a77a3179,Ikekhyngto,74
9773eb80-6486-4bc1-978b-7970f68fd395,Lehtduzkbc,75
38fbf343-a923-4dc8-a6e5-dccec017605a,Tdxcitnxkx,96
448436ba-c446-4bf4-8eec-846e57bd576f,Cdwrbxpcvh,57
39307a75-7d32-48a1-89ac-62942d9737dc,Ifbyhqkuyx,99
e0fc3754-2e3d-4f71-8dcc-0766f9677c7e,Qyoaycidhv,72
f27da359-069c-4c6f-836b-ce6b8d74a696,Axnbqwtcsu,36
04ed40e5-296c-428e-b189-9487fe2c3987,Iecwkgxspl,52
fe027459-b490-472a-995d-be8a27889b09,Xnnwwabils,95
3c331e2d-8c74-4298-9561-885c907cab75,Kscndfglby,52
43247af5-cf4e-4105-8303-f622df700b2c,Stmhinutod,28
3cf65738-51fd-4f77-81c9-654994761acf,Ykavbrzkku,26
6f570cf6-b0fa-4df1-a0fd-efe3a6d8d1c6,Mlbdvjutkw,22
092278b6-e646-4248-8e15-0be2c0d70bc6,Qhckdducdc,33
754f69d1-b244-40f3-8f06-c2c20043b80c,Gnecplyaer,70
f35a7302-bcbb-45c1-b52c-61f509c0e9d2,Tcqctjqtxw,37
540a0e64-a24b-4dcc-9a3c-4d830d986120,Kwongkxusi,52
39e86630-4b8e-45ba-8767-d6a8a6085c6b,Uaviigtnrz,26
2e6b4e20-c8da-4b78-a4c8-bc759ac00ca0,Wxpesgtabm,31
cbc93418-3bb3-49ff-8668-4bc6c35a9088,Gbmblicvuz,28
99fd8655-33c8-41af-8206-9dacfa97fcf7,Xqfhxefkwq,55
406e47c2-2390-4a00-9dc5-1a68d4a0f3ba,Sibcuwwovr,89
f3048895-5da8-4aeb-ac90-98c0a5b9a763,Fpswxkhsgz,25
08d0dc05-d115-42ef-98b0-f3d968a9f6f2,Nwjctoddns,35
ccfa4ad7-514e-4ac8-802d-51d0cff891fe,Wjqqgjpmhm,22
e1f6df5a-1442-429b-a872-8acbc2b6c3e3,Chcixhfvxc,26
96c367e9-e1af-401f-a654-83cf94d5435e,Hyvehljyzx,30
5bfd58ab-e09f-498e-bd82-0d0102fc3206,Udeowthpzp,90
8b8ed643-efad-4580-8640-8670e25fa4d2,Bpnoqbjybp,72
700917f8-0f4d-4913-a443-47a9e1efd42d,Jaffhtllsm,70
e87eb043-0a11-45fd-bbbc-8b3bb0b7bd56,Frordukljg,46
e4f50cfc-cdec-4f59-bb7a-bbbcb0a6ea11,Jwbrhglpst,35
c9c74242-54c5-4d88-a917-36ee5c9aa199,Chqrcldjut,85
3ee19925-e97e-4849-84c8-c0ca0a88ec88,Facyqhajcb,32
e4504516-8ee1-4ead-8c16-14887139e3a2,Zswslissjf,53
38f3df59-5f81-4615-9534-b3c377030c9b,Zzqayjnqhv,65
b36e1482-bc19-40bf-a08a-3a324b83fe42,Kwsoqgrfqi,53
98bbbc52-6cfa-466a-82ee-282148152707,Kdoxvjtomh,83
38f1cb23-793e-4a5e-b75e-b38ae09cc62c,Kdmgcdzvqc,29
3fb9f8c3-d1fd-4ee9-826e-949096ff9312,Svjixahdqk,35
582041da-ee42-4674-8de0-d6d70a41be3c,Odnerzoutz,52
5df6120b-dc84-44ad-9417-0a9801c19295,Aswcztsinc,80
6d2926d7-0aac-4639-a6d2-282fa334d222,Pxiuzzpxas,71
c71227dc-0364-4fe7-956c-49e5697b429a,Flgqagpapo,32
829a04ce-f45b-4003-8990-be0ac9df88e6,Prumeejonp,33
3c4e6c09-426d-43db-9496-f71f3194b50b,Ejaoiiwvqk,46
c21760dd-9416-4860-8145-c87638d166fb,Dizhmbzcoi,80
33c4c686-3531-4cb2-ab78-b37c8aa3ccb9,Entyobmecm,38
98389ec8-52f4-47fd-aec1-1d9338a36612,Lrhnmkmexp,28
c960569b-ed5a-4c75-8c37-a6be830c1668,Xfgrejjwuz,81
af697963-0f3a-4a61-a74c-a1144815cf83,Ivwxlakusb,26
848736e0-f9d5-4880-899c-def8f8225584,Vekxuakrwt,76
643cafd9-5ff2-405b-99dd-74b3fd7c5616,Amdkuwzwdl,34
0e9d3f76-2c72-41ae-8bd5-cef5f9c4987c,Ezzdojwcph,76
7710b2d1-ac6c-40cd-a0ad-949da0b8d92d,Fxdmcxovie,42
bb985341-c7d3-4343-b075-5076bfeb337b,Levawcyhsf,37
20277a1a-d0a6-48b2-96e9-949ac4657818,Mimoiqmofi,44
bee4e16c-30bc-4df3-82a4-544b53c39a86,Ocvngytclh,29
3e990bde-434d-4ceb-b3a5-f584c73db36e,Lceteslvfi,32
a7d4c7f3-3b76-40b4-90c8-0fe437ac2653,Fmpqgivnvw,44
fa22f856-7e93-44e1-addc-ede89c2d2b94,Oetwuzcsqe,60
19046d70-a606-494d-8563-c6faaeff9359,Hhcisrgmyk,54
11175b0f-6463-49fb-95bd-e4ab36d1a735,Hactkepthr,92
5fd789e9-e2a2-4d61-b219-b5f4f7e56729,Dbfhvitauo,43
f499ad19-f165-4900-94a3-101c5d8c54fa,Jfplypnetf,59
45747187-51fe-4cac-89c0-05a5a438a004,Bqvymgmftv,99
c44bb187-9cb3-43de-8253-2cb29e2e1f53,Nnsgnkotih,86
83273a09-7ef5-464d-81be-8797a1eaaf29,Aujyiqxwyh,83
dae46697-3fa5-47b6-831e-28a12f04e5d5,Ljdmpyawyl,73
c0353e6e-4899-4e68-b8c6-a632bb2f7c39,Oqsdjdeuzj,97
09c529ac-098b-4402-85fb-9af85f22e32e,Ppiubrwicx,28
64650efb-58aa-4413-873b-a88fbb681083,Kafhyvlohi,23
399474f3-461b-4e09-9364-2c86a2a8c8e9,Nrodycnivv,86
ab484c7e-93a9-4420-924d-46694e137092,Mdmwuhsppv,99
f3a0d79d-17d9-43c6-9cbc-cef34a08eff2,Uzguahgomw,55
9016924d-e780-45ce-812c-4b67b0417a46,Jlqrysixqj,60
13f5aa94-4d3a-4302-8f8e-3ffee7ca0a16,Tthzjnyjgy,78
060b94ab-51c0-491a-ba15-3c0cbcdcc654,Sbtgfzkhrj,99
b047a25c-2473-4b8e-bbca-1d6c1668fb10,Yttwsswjks,73
4e667237-2480-45ac-b44f-fbd0fda9f9c5,Bzfjbnywyu,40
8c9c5e5c-b7da-4042-a130-eb00685a0714,Ucvydcpmvj,24
86126471-f452-4aaa-a82c-51d6a21618fc,Ghalnwqwnj,53
31e020fd-6129-468a-91ef-11407905baa0,Pighmqgfrt,28
93e27be0-5c0d-469c-b572-58f67b7cf046,Eexqkvfasx,89
06a176e4-f811-4812-8f57-35dc60807042,Uvyultgxex,47
09dee14c-69c8-4672-9359-ed285031bae5,Tsdazcjpgp,53
be996423-d81f-46f7-88f8-b2f7bb21cf64,Jduineqgbm,20
6dc1e398-20b3-4164-a9f3-12d3e097c542,Bnxvfapznm,40
46ca6b4e-66cb-444d-8308-627bd020bd8e,Mndzcldmfe,97
765d115f-3f7a-455d-8cec-0b56d772c9f0,Ksauzpsgwo,88
96542253-a13d-4229-8a75-b413532cbf4a,Lrrgiaxxis,39
3d872601-4d6b-4045-9315-e7e58f1d7b45,Kwadwjiatu,44
d380fa51-a214-47cd-9479-f4881a595d0f,Kmyryqrtvx,60
7a90c865-9937-4215-b3bf-a2486c2fe550,Yembosrpro,44
93001322-9c3c-4165-a15e-3738cfe6834a,Zujeaplqhv,98
48acf113-401b-4066-96a5-f076ecb3a331,Ngjxmocfug,98
d6429e26-b67b-4433-bb54-2e2ae2363c80,Vlxnkadopu,50
23231ac2-0ffe-473d-b378-d5d481f5d701,Idvptxvylz,51
233c9b8d-8c60-4d31-9e82-b5dc38fe2625,Isdculpidp,27
b703bfe2-b2a1-4f57-a902-7ddc5379c9f4,Ctrnwyejdk,55
1acede2f-2bf4-4484-a4d8-6fc8942dd0e9,Gkkmkyuxmv,49
f06d8f6c-667f-47f8-8fa2-c4e50a1db4d2,Hrtaluydnx,83
fa759301-cf9a-458e-99ef-aadf96e9f5b0,Hiileljwsy,96
2a88c054-f177-4ba7-85d6-3b352f9f015e,Xqdvylrfbb,63
f674b3c1-48fe-46f8-a6ca-92cdc1ec3e36,Wuikmsjshy,35
760276b4-8d6e-45d5-a99e-a3ccd4ff70ef,Ujuxsgfmwe,83
fc3519c8-475a-43e1-a46a-491ffd0cb94a,Dpeqnltsxz,36
deed6667-7198-4436-a60c-abf62ff4cde0,Lzrudkcead,76
99b4fd99-3204-48a2-a921-f57de9c3a673,Ctyzvrqftd,45
1d6f63ff-f2dd-4d9c-ac9d-5fff0236bb7b,Kssznllsqg,23
9fff0c25-f545-4d37-b279-813f7fad661e,Xhjiwtmjgk,41
89a12013-27eb-456a-9043-a0aeaea99496,Jbhzsgwnsr,54
61c9983f-3b0c-42d5-b759-d389d4d9db78,Btrecjhuij,67
d0f1d9a3-5cc4-4ff8-b3e3-96f208cd1db1,Dxugjyclut,44
ec85bfe0-210f-438f-ac27-d5c81c7f91bf,Dnlbuefuma,44
9befc7d4-d6cd-4b70-a5d3-b61796450c52,Tnxgatbupd,40
7ae2496d-cdae-48c1-9faa-32855bb9889a,Renrwnszhk,65
e6bf8bd2-a9fb-4acf-ba75-afe5d2a4b2ce,Vxthavkvim,84
3a0027c0-4f56-4f07-954e-82133b903403,Lwjtfbwnpb,31
fd3e5657-a42c-4bd7-abe2-044c41958875,Aiubdqhqmw,39
f4553a04-47ab-43ca-a2e6-dd805735bb69,Dgevpjboiy,50
e9893e63-4cc5-492b-ab4c-56e9188aa641,Dvkouxkvfg,28
7260fdd7-da86-4948-add6-d75604d335d2,Alztgacgjq,31
d7b58a0b-fdfe-46f2-9df2-e7195cfccaf9,Ordflvzdms,67
fc6e0ff1-3255-4e53-aa84-afc2c7a08e78,Nghmbyknjg,99
428ab785-bd18-48a7-b817-6a307562b8c2,Bxvsyhqoyb,63
ed30fa4f-5f62-4d7f-bfd8-e5958f92a37c,Orrhzaadaa,29
96922dcb-0c10-448f-b7e7-a64898c49a9a,Rjahrgxnkh,30
3aa1f719-84a1-4a88-a3c7-57f30ab106be,Cxszqibjej,54
d7ba0b23-d194-4f8e-a1fe-cf1c4e923909,Rtuhhyryfy,48
17da13b1-5351-493a-88be-ca10d4752148,Jlqkebatmr,42
1fa01eb8-4cb0-4353-82d4-17dd2f12d3f3,Kwcsravjby,92
e8f5aec8-f2da-4a63-85c2-890a8b3bb492,Vvpevbdqsv,33
4ace0880-34ab-4535-b06e-1549bfe2785c,Vovwsmynzc,29
3cb35455-c1dc-4523-a956-76d4f8005280,Dlcoelzmvk,73
c6cf9dca-54db-4c63-aa6d-bb02801b396d,Hirqgfklcc,70
f18a2e93-8a61-4183-8cd2-df8372d25430,Lqiswdblvm,99
01d6b118-9094-4623-bee7-3cb8ef2417f4,Rsjhhroemg,47
21e0a23d-a6c0-462c-aa8b-f71d19c71550,Ohtrdouwtg,34
70bf8b64-5afe-4ec2-8e75-6db157dc8222,Tnkugxnqbi,98
e2bdd629-c3df-4fe7-9a30-670661cc316d,Oyasbbuvhu,85
0cf1b430-f576-4fae-bab5-0f023a306d1a,Pfiuvsmnzb,77
84f3ec9c-23e1-48d5-973a-d8b3e4eaff0f,Mwciskhsms,78
17bfe293-bb18-409a-9acd-85e9b1adb763,Osyhznsjdr,44
97b6bec9-01a2-4b9f-bf95-a2d4ee594d9d,Bmdvugghmi,58
ef8959cd-4410-4dc6-b97d-d1a648be9b94,Haztbdftzy,82
a69afc4f-46d4-44f9-83f1-ec5e2f326e4c,Heaqebkxun,55
9e5b7c95-1b62-4cd8-ac7b-5ba0ebe3dc1d,Mcejmygapr,21
e8742846-44ff-46b8-b4c7-24fee10747e5,Ojalcvyccf,99
41566ed4-aa18-45d9-9559-2f2e0c19800d,Ftnenhrjst,36
6b4cf80c-14b8-4165-adab-ee924ccbbf8d,Smbujxiaiu,36
ec67435f-17c5-4247-a164-eb3647172031,Oblvskgkcu,28
10faed2c-34e7-45a6-ad8d-7df5f50cd0c6,Hrzhmnpenj,26
dbfbef5d-fec0-4594-b34e-331dfb9e5418,Crogskmcgu,44
198a4565-89a6-41ae-acad-fd841651c1bd,Omhprckafh,76
d2e9406a-2ed0-4460-bb00-5ef846028025,Cmpfgwbkqf,90
62893128-f588-4246-9fc8-92c20e3659d3,Egcxbvmzui,98
496c5fe7-d3a8-4b4d-b1c4-b2d22d184a3d,Igecbnkdcs,41
a1139393-83d0-4764-b001-04f39757bda5,Vvrjgwflqk,27
fd2c10fd-1789-4b0b-9f1e-dbaf4ce9ca87,Cvswykpuvd,42
213dee21-d769-44c6-9c26-fc709437d790,Tqtviqsetx,42
8bb4171d-9154-4912-9571-ebe3f86d7b86,Ekvbuaghld,44
053fea79-12fa-45dd-a3e2-aaa3e5aa0525,Pesvnewyus,63
f708e1cd-d5b0-4563-939b-0b61682bae67,Jlsowbpazt,75
bb37f7ad-1649-41c7-8839-f21452a138a7,Oxhikhqpni,84
3ad33791-3858-480a-948b-0117353e6367,Ewkhinjiqt,73
0d9d700a-d731-4c31-830a-0fd9fac0366b,Bnipczisru,91
bfe92e15-bebf-4900-acba-82ff3f479f69,Jtxbsklbpi,76
7ed409d3-8f94-4721-a928-b385006a4889,Pqnclzmsxv,98
c6818f8d-1aea-4d6d-ae4b-406ad6ba5acf,Xqzybcaakd,66
900715b8-9101-4685-a016-7149dcd8c8a4,Vlishduthw,88
2ec25fb9-9d8f-43e7-873f-44d0a5deb98b,Btvdjujjdh,67
fa492618-e3df-4a4e-9498-d2cb36a97d2e,Cwwlbpbckj,68
cbbfaf19-9e59-4ff0-a4d5-141d04bdedac,Lyltbbvksb,60
59be5e10-36e3-4b24-a679-905e34bce041,Tfjxltljoe,71
b42aa147-17e5-4e51-8daf-f7f9bf572870,Yigjnxvkkh,87
a5a78b79-8eb0-4fa4-96a0-ca70c7ab3416,Qbvqnefflh,54
dcc17f00-744f-4130-9313-c09cd28ef71c,Ysytxbwkhx,29
92c991d1-bbc7-416a-8584-469caa2348f5,Vtknggqdyb,68
92322d55-4acd-4eb3-858f-91416d2b0ee7,Grtakpqxqt,35
9b095a4f-2298-45c8-be3d-610e2db53dc2,Qptzeixdmv,80
d2faaade-3dc1-4e19-af5e-0e2f086119f8,Iulilrvyoo,37
fd8fd9f2-631b-45bc-aebd-95401ab5461d,Dwpztzgdgu,22
40deb06d-2b01-4452-9128-f4e2c498bc8f,Kmfszspwvn,28
92b258b0-102f-4272-a389-549b83dd0430,Qziumkbamu,89
a2565f34-0f6f-4b5d-8ad4-7b644493d3a0,Sdnhdtnegq,74
396bcfea-773c-404b-b15d-aba519876580,Pauifrvmdq,71
e730ecd5-90ad-4757-8ea9-c1f34eac4baa,Xeofvuwkuc,66
2aa66dd0-bc7a-422a-bde3-73ec22b4b1b4,Utmkdkgpxe,54
3e54ed0b-75a3-4236-b2f5-05d4538c5782,Shjnsuhghi,68
42cc0bf0-dc2b-4c79-a4e7-3ae2a2f86979,Ooivizyrgl,30
051f64ce-aefb-43d1-a77e-0655133589e5,Drczwxldcl,50
35769eca-3d55-47ee-888f-cf5101a03a7a,Deqkrqybqh,59
a40f4cd6-5a1b-4a3f-bd32-accfb75706cb,Dectftrlrz,71
eee48e6e-d51e-4ddd-b589-df28688523b9,Icqdnogmos,44
700cad2d-34b8-49b2-84fb-412371905661,Lmvcqsyqmv,61
28453f8a-ac12-45b4-acd7-f37122edaa92,Oqwejgxknn,45
176e44b4-d811-4456-9f7a-6b15584748fe,Lzhtpilyxq,90
7034e9fa-2922-4c30-ab7f-daeda4d27c83,Fsjvffzowe,88
a7015fac-f0ff-43bf-a021-2d94719a1df7,Jedeifbjwh,29
958a9769-6892-46db-a60b-7705bf13802b,Qzqcnuluxy,32
abca8087-3f49-4b83-8080-38949401eb8c,Wjyoiwffkx,23
a99e9ec5-a8e3-40e9-870c-8f3b42bdfc82,Jqmpyzgweb,90
3a30cf28-322a-4c37-92b8-7a680fc4691e,Vmyqbhhvld,62
359b92ea-997b-4cf5-ada2-b035da12fa2b,Sfkvmrwxqy,72
c2e93857-bbfb-46a3-aa7e-c8f1ec10cfb8,Werxmszqwd,99
c5d57d17-76da-45d8-9cdd-a5c1543d60c4,Burlaeanmh,98
f4dc6db3-7b2c-48b6-b63a-f4fec66783f9,Korsygpeoy,96
ec5e35ea-1d50-4e3f-909b-b109adac159b,Eqxzmgczgv,52
e0eb0ec5-fb11-4a2c-9a1e-5dfef8b1906b,Wsbesppaps,28
5a078cd5-c201-4680-99c6-b925e6151b74,Igbaervvni,73
83a61103-84d5-4b5b-977d-83a1326b02ee,Aoiqvflgyx,23
c827f520-aca6-47c5-9091-cc9c266db753,Doapdooojp,92
fddd9eb3-6caa-4db7-accf-5f91fadca477,Tmaujosksh,52
6ad64205-2097-401e-a6fc-3211b908e7e5,Etjdnwpoez,30
38e484dc-bb3e-4a7f-82de-22f23aa169bc,Jawgjlcekb,45
00644052-e034-4a86-90a9-10b939ca573b,Mskwzhjrpm,30
010d93ab-364b-4305-9d9e-8610f77a3eba,Knvymmedph,52
f4a6b221-2c3b-4b63-b501-cab5d8ddd339,Grcpvzxffc,72
8a1fbcdf-e8db-4ca6-b2d3-3f277cb44d4f,Ygtmlnmhfz,66
97ae3b47-594b-4305-9acc-36d358879862,Zaykvocswd,90
f089d0a4-130a-4ff3-9a0a-a4514feceaf1,Ckkyqhwitg,35
82d061f4-47a7-43c9-8e0b-b43bb8584336,Uowjddypki,58
ee4a41d2-18de-4688-8b82-de6662c273c9,Uabsleoksy,35
499ec6de-a562-4561-8e9b-4b4f760e6889,Brmgmczbjy,85
3de922a0-4a2b-4ea7-b6fa-c4f89335a855,Xyqfroskfj,35
249a60fd-88eb-4bd5-965c-5ac9d5890db7,Xcjactydmi,95
c00aef19-0bdf-43f7-8e21-7d77af979732,Qjsdnkkxua,63
9d15f26b-e149-473b-a4e4-3fbe2bfbf25c,Knlyaaiujg,97
6dabb38e-8fb1-4e2d-9182-6be08c73a7a5,Yznsgcvqqd,25
592b6fb7-ea91-4431-9f1e-4839abb28f34,Qmesmtvhql,78
533e2dd3-dcfa-4137-878d-972a2bacb37c,Yjpkgialyh,91
ebc8a45a-cbf7-48ca-9ccc-f11d4f270a12,Inrjvkklzw,37
7345e223-019d-4d8d-a358-fb63393836e4,Fdeuhlkwyb,35
a9543ffd-57a1-4dfc-a2a0-ecf0802b3f80,Qcdytmallt,97
d38f01b6-58d8-4c74-8b7d-cc09f1f658cd,Rmboukclom,44
d51f5480-c854-4d3e-a5f5-1db82cbade3d,Tjsxwythab,70
8dace106-974e-4f9b-9768-d07f1ba6e959,Zfdscwwgwr,53
dae1d4e9-a0b4-46df-9353-f4eb2a3a5b7e,Tlgknjztcm,33
ac291721-e2f8-4daa-b605-07b3b434dfb6,Ijeawqyvll,98
8e5f8495-8f70-46b1-8b0d-2cf64acc0c72,Zlvzmidvcl,74
e9625338-3297-4be9-8d44-6adbe404bad3,Dbwdrsxrxt,60
85c428fe-317b-4411-94f7-7d4a6a3bfdd4,Zpdyytofyd,67
74ff08d8-f214-41e6-af3a-5ccfc3bc71d2,Hwrenyvmjy,68
4a2f32d4-0a4b-4cc3-965d-91876efb7128,Kbyuaeyitl,90
73ae423d-b749-4e19-8bc9-65d7a6297fec,Ugehribdng,69
d247f62a-7d5b-47ec-bfd2-2d5b45c57665,Wkurixxnzm,53
86c7efb3-9be1-40f7-84ca-e215697a9bf1,Iqpcckxhho,36
9e45344d-ee41-426b-ac53-67d27968345c,Cfllnrocsz,54
946492ae-7d38-46a2-b9d9-3cfd0f2dcec6,Dicynplubm,87
96e3b87d-cdce-400f-812a-fb1bd54fb077,Okidtnjqxl,68
9dbf1534-8c36-4fe3-a2eb-f5b64107aaf0,Tunaajqqjg,41
38c69d6f-df5a-4331-a6b3-b627edd4668c,Dnburtshes,46
8a0febce-931e-4656-8e91-5e0f1d16b6d8,Rjzjmhtegm,98
f0a5ab19-6c25-45a7-9acf-f9bd1f72c55b,Ouqfdpnbmd,93
7c37bf42-6bc8-4e25-a957-5262141e2d2c,Aklbdymsuv,30
a26b4c0f-d110-4d57-9e40-2a9df5ea1722,Nhvvytphnf,62
4b19fb11-c69d-4000-82fb-c7de5058b5ea,Vrzrcetmqy,39
6ed50594-6b24-473f-84d1-80f81f906942,Iuapwuwrzo,78
30c4a869-fa03-4302-9595-0ee28d04af7b,Jmlowwbiyz,61
3079b21f-64d9-4b88-ad95-925104dd464a,Dslflvuizt,92
22ffd3af-ebab-44fa-94ee-ca4794b5997b,Iiwruqmfwf,30
254056af-f9fc-4f69-a9c1-9f927f8e42d7,Fgmlgddhfv,52
088cb87e-c460-42ea-afd0-6e3c3a9b08dd,Qyxirxzihi,67
fc67354e-1036-4ac4-8edc-a4ffa990fea5,Floztgvolb,56
c6d3f260-505a-49c2-ac8d-4bd1ff847101,Tnveiusumf,98
e0948690-c1ae-4fc0-a9c4-5141dc549857,Yslhnwumwz,34
3b546474-12dc-445e-896b-e47b87745e50,Qhgusfucru,34
df72c079-a2ce-4d00-951f-ff3b14634cf3,Otqgbiadbh,36
eaeb65d7-c65f-49ff-983f-22c7cf81bc93,Ysmvgtpjsk,55
2308f7d3-1f74-42a7-8911-2b4395f0d031,Zjatffqmps,72
c919a613-eb44-431d-9e0c-ce29ccdfdf55,Plktxmkgkd,38
c256e6bf-53bd-4293-ac85-6c80ff2f5682,Bzazxtgbjz,91
cf8ce59a-3c59-4394-87f4-ff5c4b7f7f67,Bykvfbfczy,53
04cb649e-c3a0-44de-ba18-68855217f536,Cewzbfuvms,95
40b6b226-53f6-428c-bab7-dca990e8594d,Bpgzoxpkdw,95
95b73732-ce2f-4fe9-b970-b58c767b82c3,Kosylpaniz,87
7ccdf304-864f-4b7c-8b59-2fec3ea3e7f5,Krzkasupyt,32
46f8165a-a915-4651-8097-5c78a2b148b7,Vrwxayeexm,55
362933ba-d60e-4c5b-b887-0fafa97c3869,Fduwupdxdj,87
055700d1-46e3-447b-a2ff-4b9b26983cdb,Nesddlxprj,74
597938ec-5473-4ed6-a430-11a1a857b6e6,Geeelygucd,24
3ded2773-f978-4a58-b383-53b3b3ffda83,Cwekdgufzk,68
151085ed-846f-42fb-8dda-4a13cd04fb08,Umvpixupfg,51
7ef01435-908f-41b7-b407-55b595de8da1,Hjrageiawz,79
07aae29f-a156-457e-bafc-7212c8f984b0,Kanjdfonvs,38
ca3be083-ad8d-440e-b8cb-2ea2dea558fa,Sdqdwzexah,52
057da930-7427-4423-883d-15e16dbff5f1,Wttwmjatns,26
cf875a7b-70a9-44fc-918d-dfc6ee77cdc0,Uimhhgkkku,75
393e9dd2-3796-482a-82f2-c3a1141e2bf9,Qtfuwhsdon,82
eb17ea2e-da95-4872-b9a5-8b033691905a,Chejnjilhx,58
1712a59d-8374-47a2-8af5-23ea7f78fbd5,Jdovqxmyfo,94
ff1fca48-f01e-4bca-8e1b-44ecbd2e000f,Dqccaxpane,42
b37298f7-140a-44a9-881b-7e457c8eab4c,Frhoamrzjc,83
fc50cfc5-4165-46e9-89e0-6c7c242d7062,Eiiihwwsex,88
38d9bcd3-814d-43a3-8f7c-2bebea690bf2,Qprsosziok,32
e54fcebd-372d-474e-a508-94ce491bafe5,Agrgmsncrv,98
4898b395-d11c-4468-af7c-a936ed2f75f8,Bucwpyabyj,27
28c4f42d-ef82-4087-9172-87bc57d3b227,Npwkzwysqd,30
65f24758-487e-425a-ba4e-0621516acf13,Vnzkazbxzb,96
ae784245-be3a-4259-9824-1c0819f27b17,Beueuvivzd,47
a4424dbf-314f-4f61-81ad-923513377c39,Kuyieikquc,50
5da62ff6-2297-49f5-b06f-759ce825f907,Hhwlxxgosi,42
068c8b69-b4ef-43c9-9c6c-55012644a7b4,Dtdexepnre,58
94abfdc3-2f1a-480f-8f4f-3a13a8824cc5,Kacsgnceny,95
1ed2874a-7851-4e8f-ae76-ba4fb7dfb06c,Zifcltybnq,57
3fcbc2df-818c-4954-9110-609f547e6b43,Kapqelrmzt,59
a9798153-e24c-4099-bfb6-2504b66cd4a5,Cvbqkctutu,54
35b11b5b-ad18-4a12-bdd5-0b76b5251906,Lsclyvmexg,56
69dfe217-0148-4833-a323-9ea924383d2f,Pvvxgbmcno,38
a390922a-0a2b-4124-bcb5-7184696c707d,Sltrybiozu,69
8d3c863b-5c57-43b9-b058-bae606dcf498,Frjpshdgfp,71
42e4aa4b-748f-473c-adf9-4572033adc8b,Bylsomgwmp,70
f4408b50-0e5b-42e6-9e10-80365d4f6958,Uncaawqshu,45
d36037d2-7473-450e-b4d2-95b931227d7e,Rvgotygpnl,42
de56f3cb-9bef-4aec-90eb-b5aa3d52be86,Xyotsybtdo,83
0f2902f7-0d17-4045-aa60-9ce57ff9630f,Abrnhrxczy,51
a2f62b42-2826-4278-819e-ddec73de20fd,Tfmtowczqz,72
e8c390d6-5e47-40c7-911f-4406eae52c2b,Ivdvggepau,57
f8dcbf25-ce10-4577-8566-7f74c3abfd6c,Nissuzyjmk,79
3432e968-0172-4275-9b28-55ec1892a119,Wnbxxkvzll,81
359c8684-dd60-43fe-8615-d4ca412b991b,Qmuivedtjy,68
38238036-be56-4ba1-9020-b26d7a1fd815,Xenuzliavl,59
2b2024de-6062-41c9-836f-7eb70690c2f2,Jaazdszpuu,94
0394f401-c956-4ba2-9f13-4d9efee5b642,Umsuqtpsgb,51
d55dbf52-1768-4929-b26d-4a6872be43e9,Znphpionkb,54
d6d4e34c-5c56-46e1-a3a1-f207cffc8d1c,Qprqhprbuv,33
09f480e7-10e6-40c6-bd5e-9a4f78e251c8,Smswhivela,75
9710dac1-5cc8-4a20-8d7e-2feac4cc4730,Lscaaquajy,95
a10a09bc-4061-425f-bcad-d259a6f59991,Gphzjeoscp,81
f12b9664-70d8-45e4-8ef0-f8fc97defbaa,Gpkkyfgutw,87
1fd6c5ac-c5af-4974-b88a-7cc8a27406eb,Ezxgtwanqc,31
488fa748-d9c3-4595-96ab-325c729d611f,Rtcqlkaixr,95
e5a7c928-f26e-48a1-9041-87ce6bd34bff,Uaogmpxvva,71
ab93ece7-a947-4586-82bd-725dbeb978e1,Pqhawyobix,34
9b34ee82-e451-4f1f-af2a-f46f492c9946,Xhyawfqmov,76
42f65841-969c-471c-93c5-b9eb4f285406,Uzqwkotbih,52
8292e976-a3bd-4222-92e3-b9fef32b24c0,Whamrzwgsj,31
01df5ba8-a7e5-4741-9c20-2ed80a292d90,Zfjcaembgn,74
477a3134-01de-44a6-b6ac-266ffc6d8c3f,Okyxujkjic,55
c0e65422-089e-4c55-9dd1-0695a2b0ecde,Fdecnkeufd,36
6d087742-2089-46a9-9a4b-df1af3c0aefb,Bemvtkoiyf,86
5426266e-7525-4aa4-bd09-c42b263a3abd,Qdszviarji,82
9d8e0bfb-17bf-42ff-b6ba-e65530c8a011,Tplxxzqnlv,51
13c48376-a749-4162-aa1b-1522f92becb7,Fnysjqmlga,95
9e51e774-85b7-46ac-b4fc-bac964f8b0e8,Fgwaotjena,70
4f0efd35-78f4-4b07-bf37-ba58b47f0508,Vazkgzzqaj,50
cf77bdec-0a9d-4061-9c9e-d9cca49d1008,Kadfbprbuj,65
94c5d93e-8026-49b5-8343-cbc5a13a97bc,Vkvignvcuh,55
3b6f997d-9231-4151-a5bc-59c482204b11,Oepvyvyuqf,81
f4acb589-4090-4739-b138-450ec6df8486,Caqsrrlxkp,88
dda52381-9cae-4839-9192-06a9363bb343,Hmlowqwpej,25
89df829c-0b26-4c12-853e-c596bb7fa9d8,Mnpwexlucm,48
3f32547b-5d0c-45fd-9b46-049e8af62edc,Exbruhtzdu,85
9ed6c038-4fcc-4cbf-83e4-ed35f8b1f6c0,Htavlrrrss,81
1360f0a5-9104-442a-9d8f-9145d38f7a36,Uhvsmiedtw,96
c2f1203c-74a0-40c1-ab65-0505515f17ac,Jxqqyvgejq,65
24e44638-1312-437a-90f4-b9ff4e437713,Ufahqjxtad,88
cadce5c9-bb56-46aa-bda5-2789a4785c19,Kthwtjempr,63
1555c8e0-a0e6-4744-860d-88ca1c8e1727,Vkphumhxbi,92
caaec64b-631a-4229-bf66-a94e7dcf4b2e,Amzntjvnly,67
f78d6fe9-1921-4293-a685-9df64208ad4a,Pfxfcnfeed,94
8a692c1d-6a3e-49b5-b75a-9acd1dc1334d,Krggchmmfp,65
1f852481-d599-4038-ad11-42ac59df75f1,Xbiaviaafn,61
7e0ed080-c2c5-4002-af74-fae5121e115c,Tiwhrngqhh,96
0b315847-4c68-4dfd-bd21-717069857306,Bejbdsgtpk,46
ddc6130c-3629-492a-840d-87e9be5e3b3c,Wuaeirfmlt,77
7bf43b16-febd-4caf-aa8b-7f234ae43b79,Albrsaxmms,30
655a8dae-be23-448f-aeb7-6b8d7c2316f8,Ymvojcblii,20
d14e62c8-9ed6-43cc-a80d-4f823cf8cd89,Vxtkgyvdrf,26
82357061-6e84-47bd-ac6f-b947333d3bba,Prxupsgqgu,26
aad88a41-6ff3-46c7-8770-4aca904d909f,Tcfxmfyjuu,99
06063b2f-1fb0-4fe8-8425-09afa3ccad41,Zwfhtemlxs,37
22842c29-dc11-4399-8149-bc7e3496adfb,Xejdcogstw,81
aa141613-e4fb-48d6-b350-c7d7e8e8f52a,Fgpuhcuvqc,71
b570a85b-bcee-4698-9c4e-0142b7da1720,Xhvfgkszwo,56
89a857a7-54e5-4190-932d-0b1d472f37b8,Yrurfuehns,71
d1c2e17f-9bcd-4038-a861-521704a23613,Muotcjfgmv,51
2bbc7ce2-4e62-41ea-a46c-2c302cee974b,Anthqalcaa,35
2c7f385d-bf5b-439e-93e5-9981e3a60af7,Mhxlcehrcq,60
b7f9f365-6a22-4ab8-891c-f000a92e8f55,Lpdkthvxxm,84
99df582f-5469-4c58-9af9-ae9c3fb79fff,Smrpkgnpea,59
d3fc3e14-66f0-477d-9e00-fec5ae7819ef,Dtmoqphano,24
109c0740-1237-4f18-a70b-8f394054064a,Ohwhthztpl,96
148d54b4-b032-4154-9caa-a086e49b0cee,Wnopsxztbo,93
a57d055d-198d-401f-9632-9e5607bbc136,Ezbcetjwzu,20
155b8ad6-c5ba-4e89-abe7-a950962f9482,Iyrsghoqgx,92
37c9426b-8989-4263-a198-25050f5afd9b,Bezrsezcfv,79
b8f3ce72-1bde-4263-b958-d2d32b6dac0f,Egtqkdfjqi,22
e18f2461-5b08-4d8b-af8d-fde256366b4e,Mdcoipkvxp,38
e8aef724-9e44-4042-912b-75c19071e3ca,Omoxliydur,43
2a9ee11a-8522-4611-a239-a66e33c24450,Nuqnprvssf,88
d6e34d73-1511-4d82-9853-1ce17490b274,Oibvkrybnv,45
23936886-7e04-486e-8a54-04770e75d054,Tlkntvpqcd,23
2020f8d6-f25f-494b-93ff-3173234faa90,Ncovahtsfl,53
ad6c3118-ef60-4431-bbb3-5a7014527ab8,Qnraonfemc,73
27138925-88dc-4c2a-b7a9-e9cfd0346354,Iqaibhkdcb,56
7505bbd8-52b8-44d4-8964-6e3d4d4daf9b,Htdpsaaair,20
7451233d-302d-4208-a6b5-cb66f6c254e0,Kbabzogdxe,27
ac486c8c-e3dd-4c0b-b898-fc162381a3f4,Cnfkavinlz,39
5c5463bf-c0f8-46f1-b13f-113c0735bc44,Flclyvrohd,84
5807882b-b67a-44fa-b84a-90c4964c7fec,Cfceizggru,22
12ce313d-3b4b-4449-9bc9-ae471bdd21f3,Cavmwknmqm,75
2bf6f435-d2ae-41e0-886b-23ea0405d07d,Bvsfadckbq,91
